INTERACTION STATISTICS,
Interactions total time,3h55m54.3478935s
Interactions total time (absolute),1m14.25s
Interactions total clients,8
Interactions per second per client,0.21
Interactions per second overall,1.70
Interactions per second overall (absolute),40.40
Interactions count,3000
Interactions errors,22
Interactions failure rate (%),0.73
Interactions min time,80.012345ms
Interactions max time,9.356366956s
Interactions top errors:,
"  rpc error: code = 4 desc = request timed out",6
"  failed to broadcast tx: connection reset by peer",6
"  abci query failed: key not found",5
"  unexpected response code 500",5
Interactions response time histogram (milliseconds/count):,
"  0",19
"  100",21
"  200",36
"  300",38
"  400",27
"  500",30
"  600",38
"  700",33
"  800",24
"  900",38
"  1000",38
"  1100",19
"  1200",38
"  1300",38
"  1400",24
"  1500",33
"  1600",38
"  1700",30
"  1800",27
"  1900",38
"  2000",36
"  2100",21
"  2200",38
"  2300",38
"  2400",21
"  2500",36
"  2600",38
"  2700",26
"  2800",31
"  2900",38
"  3000",32
"  3100",25
"  3200",38
"  3300",38
"  3400",19
"  3500",38
"  3600",38
"  3700",24
"  3800",33
"  3900",38
"  4000",29
"  4100",27
"  4200",38
"  4300",35
"  4400",22
"  4500",38
"  4600",38
"  4700",20
"  4800",37
"  4900",38
"  5000",26
"  5100",31
"  5200",38
"  5300",33
"  5400",24
"  5500",38
"  5600",38
"  5700",19
"  5800",38
"  5900",38
"  6000",23
"  6100",34
"  6200",38
"  6300",29
"  6400",28
"  6500",38
"  6600",35
"  6700",21
"  6800",38
"  6900",38
"  7000",19
"  7100",38
"  7200",38
"  7300",26
"  7400",31
"  7500",38
"  7600",32
"  7700",25
"  7800",38
"  7900",38
"  8000",19
"  8100",38
"  8200",38
"  8300",22
"  8400",35
"  8500",38
"  8600",28
"  8700",29
"  8800",38
"  8900",34
"  9000",23
"  9100",38
"  9200",38
"  9300",19
"  9400",0
"  9500",0
"  9600",0
"  9700",0
"  9800",0
"  9900",0
"  10000",0
,
REQUEST STATISTICS,
abci_query,
"  Requests total time",19m46.8612774s
"  Requests total time (absolute)",1m14.25s
"  Requests total clients",8
"  Requests per second per client",1.01
"  Requests per second overall",8.09
"  Requests per second overall (absolute)",16.16
"  Requests count",1200
"  Requests errors",9
"  Requests failure rate (%)",0.75
"  Requests min time",80.012345ms
"  Requests max time",1.898718142s
"  Requests top errors:",
"    rpc error: code = 4 desc = request timed out",3
"    failed to broadcast tx: connection reset by peer",2
"    abci query failed: key not found",2
"    unexpected response code 500",2
"  Requests response time histogram (milliseconds/count):",
"    0",0
"    20",0
"    40",0
"    60",0
"    80",16
"    100",12
"    120",12
"    140",13
"    160",15
"    180",12
"    200",13
"    220",13
"    240",14
"    260",12
"    280",13
"    300",14
"    320",14
"    340",12
"    360",13
"    380",14
"    400",13
"    420",12
"    440",13
"    460",15
"    480",13
"    500",12
"    520",13
"    540",15
"    560",12
"    580",12
"    600",15
"    620",13
"    640",13
"    660",12
"    680",14
"    700",14
"    720",12
"    740",13
"    760",15
"    780",13
"    800",12
"    820",13
"    840",15
"    860",13
"    880",12
"    900",14
"    920",14
"    940",13
"    960",12
"    980",14
"    1000",14
"    1020",12
"    1040",12
"    1060",15
"    1080",12
"    1100",13
"    1120",12
"    1140",16
"    1160",12
"    1180",13
"    1200",12
"    1220",15
"    1240",12
"    1260",13
"    1280",13
"    1300",14
"    1320",13
"    1340",12
"    1360",14
"    1380",14
"    1400",13
"    1420",12
"    1440",15
"    1460",13
"    1480",12
"    1500",12
"    1520",16
"    1540",12
"    1560",13
"    1580",13
"    1600",15
"    1620",12
"    1640",13
"    1660",13
"    1680",15
"    1700",12
"    1720",13
"    1740",14
"    1760",14
"    1780",12
"    1800",13
"    1820",14
"    1840",14
"    1860",12
"    1880",12
"    1900",0
"    1920",0
"    1940",0
"    1960",0
"    1980",0
"    2000",0
,
broadcast_tx_sync,
"  Requests total time",13m11.2590916s
"  Requests total time (absolute)",1m14.25s
"  Requests total clients",8
"  Requests per second per client",1.01
"  Requests per second overall",8.09
"  Requests per second overall (absolute)",10.77
"  Requests count",800
"  Requests errors",6
"  Requests failure rate (%)",0.75
"  Requests min time",80.012345ms
"  Requests max time",1.898718142s
"  Requests top errors:",
"    rpc error: code = 4 desc = request timed out",2
"    failed to broadcast tx: connection reset by peer",2
"    abci query failed: key not found",1
"    unexpected response code 500",1
"  Requests response time histogram (milliseconds/count):",
"    0",0
"    20",0
"    40",0
"    60",0
"    80",10
"    100",9
"    120",9
"    140",8
"    160",9
"    180",9
"    200",9
"    220",7
"    240",9
"    260",9
"    280",9
"    300",8
"    320",10
"    340",9
"    360",8
"    380",8
"    400",10
"    420",9
"    440",8
"    460",9
"    480",10
"    500",9
"    520",7
"    540",9
"    560",9
"    580",9
"    600",8
"    620",9
"    640",9
"    660",9
"    680",8
"    700",9
"    720",9
"    740",8
"    760",9
"    780",10
"    800",9
"    820",8
"    840",9
"    860",10
"    880",9
"    900",8
"    920",9
"    940",10
"    960",9
"    980",8
"    1000",9
"    1020",9
"    1040",8
"    1060",8
"    1080",9
"    1100",9
"    1120",8
"    1140",9
"    1160",9
"    1180",10
"    1200",6
"    1220",10
"    1240",9
"    1260",10
"    1280",7
"    1300",9
"    1320",10
"    1340",8
"    1360",8
"    1380",9
"    1400",10
"    1420",8
"    1440",9
"    1460",9
"    1480",9
"    1500",7
"    1520",9
"    1540",9
"    1560",9
"    1580",8
"    1600",9
"    1620",9
"    1640",10
"    1660",7
"    1680",10
"    1700",9
"    1720",9
"    1740",8
"    1760",10
"    1780",9
"    1800",9
"    1820",8
"    1840",10
"    1860",9
"    1880",7
"    1900",0
"    1920",0
"    1940",0
"    1960",0
"    1980",0
"    2000",0
,
probe_status,
"  Requests total time",10m32.21231008s
"  Requests total time (absolute)",1m14.25s
"  Requests total clients",8
"  Requests per second per client",1.01
"  Requests per second overall",8.10
"  Requests per second overall (absolute)",8.62
"  Requests count",640
"  Requests errors",5
"  Requests failure rate (%)",0.78
"  Requests min time",80.012345ms
"  Requests max time",1.898718142s
"  Requests top errors:",
"    rpc error: code = 4 desc = request timed out",2
"    failed to broadcast tx: connection reset by peer",1
"    abci query failed: key not found",1
"    unexpected response code 500",1
"  Requests response time histogram (milliseconds/count):",
"    0",0
"    20",0
"    40",0
"    60",0
"    80",10
"    100",6
"    120",6
"    140",7
"    160",9
"    180",6
"    200",6
"    220",7
"    240",8
"    260",6
"    280",6
"    300",8
"    320",8
"    340",6
"    360",7
"    380",8
"    400",7
"    420",6
"    440",7
"    460",9
"    480",7
"    500",6
"    520",7
"    540",8
"    560",6
"    580",6
"    600",8
"    620",8
"    640",6
"    660",6
"    680",8
"    700",7
"    720",6
"    740",6
"    760",9
"    780",7
"    800",6
"    820",7
"    840",8
"    860",7
"    880",6
"    900",8
"    920",8
"    940",7
"    960",6
"    980",8
"    1000",8
"    1020",6
"    1040",6
"    1060",8
"    1080",7
"    1100",6
"    1120",6
"    1140",9
"    1160",7
"    1180",6
"    1200",6
"    1220",9
"    1240",6
"    1260",7
"    1280",7
"    1300",8
"    1320",7
"    1340",6
"    1360",8
"    1380",7
"    1400",7
"    1420",6
"    1440",9
"    1460",7
"    1480",6
"    1500",6
"    1520",9
"    1540",6
"    1560",6
"    1580",7
"    1600",9
"    1620",6
"    1640",6
"    1660",7
"    1680",8
"    1700",6
"    1720",7
"    1740",8
"    1760",8
"    1780",6
"    1800",7
"    1820",8
"    1840",8
"    1860",6
"    1880",6
"    1900",0
"    1920",0
"    1940",0
"    1960",0
"    1980",0
"    2000",0
